{"cameraMode":{"drawMode":0,"name":"Shaded","section":"Shading Mode"},"sceneLighting":true,"audioPlay":false,"sceneViewState":{"m_AlwaysRefresh":false,"showFog":true,"showSkybox":false,"showFlares":true,"showImageEffects":true,"showParticleSystems":true,"showVisualEffectGraphs":true,"m_FxEnabled":true},"in2DMode":false,"pivot":{"x":-0.009999990463256836,"y":0.9499999284744263,"z":0.01209999993443489},"rotation":{"x":0.22009173035621644,"y":0.7106165885925293,"z":-0.25281697511672976,"w":0.6186231374740601},"size":0.9587163925170898,"orthographic":false}